{"stats":{"minecraft:custom":{"minecraft:jump":66,"minecraft:time_since_rest":128694,"minecraft:damage_dealt":54,"minecraft:crouch_one_cm":471,"minecraft:leave_game":9,"minecraft:play_time":128694,"minecraft:sprint_one_cm":6390,"minecraft:damage_taken":225,"minecraft:time_since_death":128694,"minecraft:walk_one_cm":9951,"minecraft:sneak_time":81,"minecraft:total_world_time":128694,"minecraft:fall_one_cm":209,"minecraft:fly_one_cm":32497},"minecraft:mined":{"minecraft:grass":2}},"DataVersion":3465}